Workbook

Sheet Dataset 1 - Master Karyawan
A1: ID Karyawan | B1: Nama | C1: Divisi | D1: Jabatan | E1: Grade | F1: Gaji Pokok
A2: EMP001 | B2: Andi | C2: Finance | D2: Analyst | E2: G3 | F2: 8500000
A3: EMP002 | B3: Budi | C3: IT | D3: Data Analyst | E3: G4 | F3: 10500000
A4: EMP003 | B4: Citra | C4: HR | D4: HR Staff | E4: G2 | F4: 7000000
A5: EMP004 | B5: Dimas | C5: IT | D5: Backend Developer | E5: G4 | F5: 11000000
A6: EMP005 | B6: Eka | C6: Marketing | D6: Marketing Analyst | E6: G3 | F6: 9000000
A7: EMP006 | B7: Fajar | C7: Finance | D7: Senior Analyst | E7: G5 | F7: 13000000
A8: EMP007 | B8: Gina | C8: HR | D8: HR Analyst | E8: G3 | F8: 8500000
A9: EMP008 | B9: Hadi | C9: IT | D9: Data Engineer | E9: G5 | F9: 12500000

Sheet Dataset 2 - Data Transaksi
A1: No Transaksi | B1: ID Karyawan | C1: Bulan | D1: Penjualan | E1: Bonus | F1: Nama Karyawan | G1: Divisi | H1: Jabatan | I1: Gaji Pokok | J1: Bonus Grade | K1: Bonus
A2: TRX001 | B2: EMP002 | C2: Jan | D2: 45000000 | E2: 0 | F2: =VLOOKUP(B2, 'Dataset 1 - Master Karyawan'!$A$2:$B$9, 2, FALSE) -> Budi | G2: =VLOOKUP(B2,'Dataset 1 - Master Karyawan'!$A$2:$C$9,3,FALSE) -> IT | H2: =VLOOKUP(B2, 'Dataset 1 - Master Karyawan'!$A$2:$D$9, 4, FALSE) -> Data Analyst | I2: =VLOOKUP(B2,'Dataset 1 - Master Karyawan'!$A$2:$F$9, 6, FALSE) -> 10500000 | J2: =HLOOKUP(VLOOKUP(B2, 'Dataset 1 - Master Karyawan'!$A$2:$E$9, 5, FALSE), 'Dataset 3 - Tabel Bonus Grade'!$B$1:$F$2, 2, FALSE) -> 0.07 | K2: =VLOOKUP(B2, 'Dataset 1 - Master Karyawan'!$A$2:$F$9, 6, FALSE) * HLOOKUP(VLOOKUP(B2, 'Dataset 1 - Master Karyawan'!$A$2:$F$9, 5, FALSE), 'Dataset 3 - Tabel Bonus Grade'!$A$1:$F$2, 2, FALSE) -> 735000
A3: TRX002 | B3: EMP004 | C3: Feb | D3: 38000000 | E3: 0 | F3: =VLOOKUP(B3, 'Dataset 1 - Master Karyawan'!$A$2:$B$9, 2, FALSE) -> Dimas | G3: =VLOOKUP(B3,'Dataset 1 - Master Karyawan'!$A$2:$C$9,3,FALSE) -> IT | H3: =VLOOKUP(B3, 'Dataset 1 - Master Karyawan'!$A$2:$D$9, 4, FALSE) -> Backend Developer | I3: =VLOOKUP(B3,'Dataset 1 - Master Karyawan'!$A$2:$F$9, 6, FALSE) -> 11000000 | J3: =HLOOKUP(VLOOKUP(B3, 'Dataset 1 - Master Karyawan'!$A$2:$E$9, 5, FALSE), 'Dataset 3 - Tabel Bonus Grade'!$B$1:$F$2, 2, FALSE) -> 0.07 | K3: =VLOOKUP(B3, 'Dataset 1 - Master Karyawan'!$A$2:$F$9, 6, FALSE) * HLOOKUP(VLOOKUP(B3, 'Dataset 1 - Master Karyawan'!$A$2:$F$9, 5, FALSE), 'Dataset 3 - Tabel Bonus Grade'!$A$1:$F$2, 2, FALSE) -> 770000
A4: TRX003 | B4: EMP001 | C4: Jan | D4: 25000000 | E4: 0 | F4: =VLOOKUP(B4, 'Dataset 1 - Master Karyawan'!$A$2:$B$9, 2, FALSE) -> Andi | G4: =VLOOKUP(B4,'Dataset 1 - Master Karyawan'!$A$2:$C$9,3,FALSE) -> Finance | H4: =VLOOKUP(B4, 'Dataset 1 - Master Karyawan'!$A$2:$D$9, 4, FALSE) -> Analyst | I4: =VLOOKUP(B4,'Dataset 1 - Master Karyawan'!$A$2:$F$9, 6, FALSE) -> 8500000 | J4: =HLOOKUP(VLOOKUP(B4, 'Dataset 1 - Master Karyawan'!$A$2:$E$9, 5, FALSE), 'Dataset 3 - Tabel Bonus Grade'!$B$1:$F$2, 2, FALSE) -> 0.05 | K4: =VLOOKUP(B4, 'Dataset 1 - Master Karyawan'!$A$2:$F$9, 6, FALSE) * HLOOKUP(VLOOKUP(B4, 'Dataset 1 - Master Karyawan'!$A$2:$F$9, 5, FALSE), 'Dataset 3 - Tabel Bonus Grade'!$A$1:$F$2, 2, FALSE) -> 425000
A5: TRX004 | B5: EMP006 | C5: Mar | D5: 62000000 | E5: 0 | F5: =VLOOKUP(B5, 'Dataset 1 - Master Karyawan'!$A$2:$B$9, 2, FALSE) -> Fajar | G5: =VLOOKUP(B5,'Dataset 1 - Master Karyawan'!$A$2:$C$9,3,FALSE) -> Finance | H5: =VLOOKUP(B5, 'Dataset 1 - Master Karyawan'!$A$2:$D$9, 4, FALSE) -> Senior Analyst | I5: =VLOOKUP(B5,'Dataset 1 - Master Karyawan'!$A$2:$F$9, 6, FALSE) -> 13000000 | J5: =HLOOKUP(VLOOKUP(B5, 'Dataset 1 - Master Karyawan'!$A$2:$E$9, 5, FALSE), 'Dataset 3 - Tabel Bonus Grade'!$B$1:$F$2, 2, FALSE) -> 0.1 | K5: =VLOOKUP(B5, 'Dataset 1 - Master Karyawan'!$A$2:$F$9, 6, FALSE) * HLOOKUP(VLOOKUP(B5, 'Dataset 1 - Master Karyawan'!$A$2:$F$9, 5, FALSE), 'Dataset 3 - Tabel Bonus Grade'!$A$1:$F$2, 2, FALSE) -> 1300000
A6: TRX005 | B6: EMP005 | C6: Feb | D6: 31000000 | E6: 0 | F6: =VLOOKUP(B6, 'Dataset 1 - Master Karyawan'!$A$2:$B$9, 2, FALSE) -> Eka | G6: =VLOOKUP(B6,'Dataset 1 - Master Karyawan'!$A$2:$C$9,3,FALSE) -> Marketing | H6: =VLOOKUP(B6, 'Dataset 1 - Master Karyawan'!$A$2:$D$9, 4, FALSE) -> Marketing Analyst | I6: =VLOOKUP(B6,'Dataset 1 - Master Karyawan'!$A$2:$F$9, 6, FALSE) -> 9000000 | J6: =HLOOKUP(VLOOKUP(B6, 'Dataset 1 - Master Karyawan'!$A$2:$E$9, 5, FALSE), 'Dataset 3 - Tabel Bonus Grade'!$B$1:$F$2, 2, FALSE) -> 0.05 | K6: =VLOOKUP(B6, 'Dataset 1 - Master Karyawan'!$A$2:$F$9, 6, FALSE) * HLOOKUP(VLOOKUP(B6, 'Dataset 1 - Master Karyawan'!$A$2:$F$9, 5, FALSE), 'Dataset 3 - Tabel Bonus Grade'!$A$1:$F$2, 2, FALSE) -> 450000
A7: TRX006 | B7: EMP008 | C7: Mar | D7: 57000000 | E7: 0 | F7: =VLOOKUP(B7, 'Dataset 1 - Master Karyawan'!$A$2:$B$9, 2, FALSE) -> Hadi | G7: =VLOOKUP(B7,'Dataset 1 - Master Karyawan'!$A$2:$C$9,3,FALSE) -> IT | H7: =VLOOKUP(B7, 'Dataset 1 - Master Karyawan'!$A$2:$D$9, 4, FALSE) -> Data Engineer | I7: =VLOOKUP(B7,'Dataset 1 - Master Karyawan'!$A$2:$F$9, 6, FALSE) -> 12500000 | J7: =HLOOKUP(VLOOKUP(B7, 'Dataset 1 - Master Karyawan'!$A$2:$E$9, 5, FALSE), 'Dataset 3 - Tabel Bonus Grade'!$B$1:$F$2, 2, FALSE) -> 0.1 | K7: =VLOOKUP(B7, 'Dataset 1 - Master Karyawan'!$A$2:$F$9, 6, FALSE) * HLOOKUP(VLOOKUP(B7, 'Dataset 1 - Master Karyawan'!$A$2:$F$9, 5, FALSE), 'Dataset 3 - Tabel Bonus Grade'!$A$1:$F$2, 2, FALSE) -> 1250000
A8: TRX007 | B8: EMP003 | C8: Jan | D8: 18000000 | E8: 0 | F8: =VLOOKUP(B8, 'Dataset 1 - Master Karyawan'!$A$2:$B$9, 2, FALSE) -> Citra | G8: =VLOOKUP(B8,'Dataset 1 - Master Karyawan'!$A$2:$C$9,3,FALSE) -> HR | H8: =VLOOKUP(B8, 'Dataset 1 - Master Karyawan'!$A$2:$D$9, 4, FALSE) -> HR Staff | I8: =VLOOKUP(B8,'Dataset 1 - Master Karyawan'!$A$2:$F$9, 6, FALSE) -> 7000000 | J8: =HLOOKUP(VLOOKUP(B8, 'Dataset 1 - Master Karyawan'!$A$2:$E$9, 5, FALSE), 'Dataset 3 - Tabel Bonus Grade'!$B$1:$F$2, 2, FALSE) -> 0.03 | K8: =VLOOKUP(B8, 'Dataset 1 - Master Karyawan'!$A$2:$F$9, 6, FALSE) * HLOOKUP(VLOOKUP(B8, 'Dataset 1 - Master Karyawan'!$A$2:$F$9, 5, FALSE), 'Dataset 3 - Tabel Bonus Grade'!$A$1:$F$2, 2, FALSE) -> 210000
A9: TRX008 | B9: EMP007 | C9: Mar | D9: 22000000 | E9: 0 | F9: =VLOOKUP(B9, 'Dataset 1 - Master Karyawan'!$A$2:$B$9, 2, FALSE) -> Gina | G9: =VLOOKUP(B9,'Dataset 1 - Master Karyawan'!$A$2:$C$9,3,FALSE) -> HR | H9: =VLOOKUP(B9, 'Dataset 1 - Master Karyawan'!$A$2:$D$9, 4, FALSE) -> HR Analyst | I9: =VLOOKUP(B9,'Dataset 1 - Master Karyawan'!$A$2:$F$9, 6, FALSE) -> 8500000 | J9: =HLOOKUP(VLOOKUP(B9, 'Dataset 1 - Master Karyawan'!$A$2:$E$9, 5, FALSE), 'Dataset 3 - Tabel Bonus Grade'!$B$1:$F$2, 2, FALSE) -> 0.05 | K9: =VLOOKUP(B9, 'Dataset 1 - Master Karyawan'!$A$2:$F$9, 6, FALSE) * HLOOKUP(VLOOKUP(B9, 'Dataset 1 - Master Karyawan'!$A$2:$F$9, 5, FALSE), 'Dataset 3 - Tabel Bonus Grade'!$A$1:$F$2, 2, FALSE) -> 425000
A10: TRX009 | B10: EMP999 | C10: Mar | D10: 40000000 | E10: 0 | F10: =IFERROR(VLOOKUP(B10, 'Dataset 1 - Master Karyawan'!$A$2:$F$9, 2, FALSE), "Tidak Terdaftar") -> Tidak Terdaftar | G10: =IFERROR(VLOOKUP(C10, 'Dataset 1 - Master Karyawan'!$A$2:$F$9, 2, FALSE), "Tidak Terdaftar") -> Tidak Terdaftar | H10: =IFERROR(VLOOKUP(D10, 'Dataset 1 - Master Karyawan'!$A$2:$F$9, 2, FALSE), "Tidak Terdaftar") -> Tidak Terdaftar | I10: =IFERROR(VLOOKUP(E10, 'Dataset 1 - Master Karyawan'!$A$2:$F$9, 2, FALSE), "Tidak Terdaftar") -> Tidak Terdaftar | J10: =IFERROR(VLOOKUP(F10, 'Dataset 1 - Master Karyawan'!$A$2:$F$9, 2, FALSE), "Tidak Terdaftar") -> Tidak Terdaftar | K10: =IFERROR(VLOOKUP(G10, 'Dataset 1 - Master Karyawan'!$A$2:$F$9, 2, FALSE), "Tidak Terdaftar") -> Tidak Terdaftar

Sheet Dataset 3 - Tabel Bonus Grade
A1: Grade | B1: G1 | C1: G2 | D1: G3 | E1: G4 | F1: G5
A2: Bonus Rate | B2: 0.02 | C2: 0.03 | D2: 0.05 | E2: 0.07 | F2: 0.1
